m200,"log_eta, z=0","log_eta, z=1","log_eta, z=2","log_eta, z=4"
10.5,1.6498009183554267,1.5177325726713236,1.3248056276856899,1.0092779698055037
11.0,1.058816358975861,1.1282870418031392,0.981687866052708,0.5085778868181151
11.5,0.7174201206883779,0.7657577282697711,0.5951937358005935,-0.006383762143935461
12.0,0.7347900685662743,0.5824098296087871,0.42613849109507385,-0.22482156082393406
12.5,1.1808417144909928,0.7837454972505349,0.5280651947874992,-0.5280903331660103
13.0,1.4250306749844812,1.2914254097953486,0.8777235550021893,
13.5,1.6341057212171644,1.482779500658355,1.2682882225414303,
14.0,1.9108916694298663,1.4664747970729188,,
