m200,"log_eta, z=0","log_eta, z=1","log_eta, z=2","log_eta, z=4"
10.5,1.3174299071445572,1.5937569410137136,1.703054930920107,1.5165950052560888
11.0,0.6289353011592629,1.3230780662876491,1.5527772633738133,1.3014176855893578
11.5,0.6955770513009838,0.7586019545161587,1.060081871082966,0.9942573124070189
12.0,0.6283159080400662,0.5260424416290861,0.6203277869958682,0.4479889796661112
12.5,0.6154877728509089,0.4251519020190116,0.2858322695245092,-0.13214191174390819
13.0,1.134936356841554,0.781967336246604,0.3243370425865417,-0.35760957480858413
13.5,2.059303170234525,1.3696423968006803,0.4819040068304228,
14.0,2.9056193722818935,1.588312224495723,,
